Date,Ticker_Pair,BERT_Spread,BERT_Position
2019-01-06,AAPL-MSFT,0.43338635563850403,buy
2019-01-06,AMD-NVDA,0.4149945378303528,buy
2019-01-06,GOOGL-AAPL,0.4487248957157135,buy
2019-01-06,GOOGL-META,0.44970858097076416,buy
2019-01-06,JPM-BAC,0.41467100381851196,buy
2019-01-06,KO-PEP,0.507604718208313,buy
2019-01-06,META-NFLX,0.4546833336353302,buy
2019-01-06,NFLX-DIS,0.4746919870376587,buy
2019-01-06,TSLA-GM,0.4196990728378296,buy
2019-01-06,TSLA-NVDA,0.420392781496048,buy
2019-01-13,AAPL-MSFT,0.4235593378543854,buy
2019-01-13,AMD-NVDA,0.4016673266887665,buy
2019-01-13,GOOGL-AAPL,0.4432937204837799,buy
2019-01-13,GOOGL-META,0.44092509150505066,buy
2019-01-13,JPM-BAC,0.3987301290035248,buy
2019-01-13,KO-PEP,0.5264098644256592,buy
2019-01-13,META-NFLX,0.4405805170536041,buy
2019-01-13,NFLX-DIS,0.471337229013443,buy
2019-01-13,TSLA-GM,0.3973371684551239,buy
2019-01-13,TSLA-NVDA,0.4069683849811554,buy
2019-01-20,AAPL-MSFT,0.4228981137275696,buy
2019-01-20,AMD-NVDA,0.40065690875053406,buy
2019-01-20,GOOGL-AAPL,0.4404565989971161,buy
2019-01-20,GOOGL-META,0.44261476397514343,buy
2019-01-20,JPM-BAC,0.3993871510028839,buy
2019-01-20,KO-PEP,0.49739739298820496,buy
2019-01-20,META-NFLX,0.4394533038139343,buy
2019-01-20,NFLX-DIS,0.4621850252151489,buy
2019-01-20,TSLA-GM,0.3969288766384125,buy
2019-01-20,TSLA-NVDA,0.4019169211387634,buy
2019-01-27,AAPL-MSFT,0.43070051074028015,buy
2019-01-27,AMD-NVDA,0.40916064381599426,buy
2019-01-27,GOOGL-AAPL,0.4514450132846832,buy
2019-01-27,GOOGL-META,0.4504775106906891,buy
2019-01-27,JPM-BAC,0.40278878808021545,buy
2019-01-27,KO-PEP,0.5282833576202393,buy
2019-01-27,META-NFLX,0.44870442152023315,buy
2019-01-27,NFLX-DIS,0.48020195960998535,buy
2019-01-27,TSLA-GM,0.40220916271209717,buy
2019-01-27,TSLA-NVDA,0.4133790135383606,buy
2019-02-03,AAPL-MSFT,0.4363537132740021,buy
2019-02-03,AMD-NVDA,0.41470810770988464,buy
2019-02-03,GOOGL-AAPL,0.4538543224334717,buy
2019-02-03,GOOGL-META,0.443064421415329,buy
2019-02-03,JPM-BAC,0.41643059253692627,buy
2019-02-03,KO-PEP,0.5040781497955322,buy
2019-02-03,META-NFLX,0.4432157874107361,buy
2019-02-03,NFLX-DIS,0.48234882950782776,buy
2019-02-03,TSLA-GM,0.399617463350296,buy
2019-02-03,TSLA-NVDA,0.4181096851825714,buy
2019-02-10,AAPL-MSFT,0.4489894211292267,buy
2019-02-10,AMD-NVDA,0.42936837673187256,buy
2019-02-10,GOOGL-AAPL,0.47225838899612427,buy
2019-02-10,GOOGL-META,0.47421497106552124,buy
2019-02-10,JPM-BAC,0.4233156144618988,buy
2019-02-10,KO-PEP,0.5623670816421509,buy
2019-02-10,META-NFLX,0.47007620334625244,buy
2019-02-10,NFLX-DIS,0.5017551183700562,buy
2019-02-10,TSLA-GM,0.4222364127635956,buy
2019-02-10,TSLA-NVDA,0.4358076751232147,buy
2019-02-17,AAPL-MSFT,0.4421115219593048,buy
2019-02-17,AMD-NVDA,0.4177502393722534,buy
2019-02-17,GOOGL-AAPL,0.4670409560203552,buy
2019-02-17,GOOGL-META,0.46601900458335876,buy
2019-02-17,JPM-BAC,0.42168158292770386,buy
2019-02-17,KO-PEP,0.5784731507301331,buy
2019-02-17,META-NFLX,0.461465984582901,buy
2019-02-17,NFLX-DIS,0.5073113441467285,buy
2019-02-17,TSLA-GM,0.41005152463912964,buy
2019-02-17,TSLA-NVDA,0.4316469728946686,buy
2019-02-24,AAPL-MSFT,0.42937132716178894,buy
2019-02-24,AMD-NVDA,0.40955331921577454,buy
2019-02-24,GOOGL-AAPL,0.45492780208587646,buy
2019-02-24,GOOGL-META,0.45619165897369385,buy
2019-02-24,JPM-BAC,0.406411737203598,buy
2019-02-24,KO-PEP,0.5304812788963318,buy
2019-02-24,META-NFLX,0.44797566533088684,buy
2019-02-24,NFLX-DIS,0.4805762767791748,buy
2019-02-24,TSLA-GM,0.3982681930065155,buy
2019-02-24,TSLA-NVDA,0.4164714217185974,buy
2019-03-03,AAPL-MSFT,0.4077583849430084,buy
2019-03-03,AMD-NVDA,0.381667822599411,buy
2019-03-03,GOOGL-AAPL,0.4226752817630768,buy
2019-03-03,GOOGL-META,0.42041149735450745,buy
2019-03-03,JPM-BAC,0.3841136395931244,buy
2019-03-03,KO-PEP,0.4768718183040619,buy
2019-03-03,META-NFLX,0.4225594997406006,buy
2019-03-03,NFLX-DIS,0.45093753933906555,buy
2019-03-03,TSLA-GM,0.37892842292785645,buy
2019-03-03,TSLA-NVDA,0.38223642110824585,buy
2019-03-10,AAPL-MSFT,0.43624743819236755,buy
2019-03-10,AMD-NVDA,0.41404959559440613,buy
2019-03-10,GOOGL-AAPL,0.4567495286464691,buy
2019-03-10,GOOGL-META,0.46134093403816223,buy
2019-03-10,JPM-BAC,0.4103478491306305,buy
2019-03-10,KO-PEP,0.5390087366104126,buy
2019-03-10,META-NFLX,0.46241602301597595,buy
2019-03-10,NFLX-DIS,0.48929569125175476,buy
2019-03-10,TSLA-GM,0.4141136705875397,buy
2019-03-10,TSLA-NVDA,0.4192470610141754,buy
2019-03-17,AAPL-MSFT,0.42608514428138733,buy
2019-03-17,AMD-NVDA,0.40039101243019104,buy
2019-03-17,GOOGL-AAPL,0.4478401243686676,buy
2019-03-17,GOOGL-META,0.45015260577201843,buy
2019-03-17,JPM-BAC,0.4049232006072998,buy
2019-03-17,KO-PEP,0.5492995977401733,buy
2019-03-17,META-NFLX,0.45027121901512146,buy
2019-03-17,NFLX-DIS,0.4893089234828949,buy
2019-03-17,TSLA-GM,0.39896366000175476,buy
2019-03-17,TSLA-NVDA,0.4124774634838104,buy
2019-03-24,AAPL-MSFT,0.41701826453208923,buy
2019-03-24,AMD-NVDA,0.3946667015552521,buy
2019-03-24,GOOGL-AAPL,0.4393998682498932,buy
2019-03-24,GOOGL-META,0.44367560744285583,buy
2019-03-24,JPM-BAC,0.3943045437335968,buy
2019-03-24,KO-PEP,0.5093399286270142,buy
2019-03-24,META-NFLX,0.44066330790519714,buy
2019-03-24,NFLX-DIS,0.4687177836894989,buy
2019-03-24,TSLA-GM,0.39054396748542786,buy
2019-03-24,TSLA-NVDA,0.40017473697662354,buy
2019-03-31,AAPL-MSFT,0.4236880838871002,buy
2019-03-31,AMD-NVDA,0.3972552418708801,buy
2019-03-31,GOOGL-AAPL,0.4439394176006317,buy
2019-03-31,GOOGL-META,0.45492926239967346,buy
2019-03-31,JPM-BAC,0.39953193068504333,buy
2019-03-31,KO-PEP,0.5236902832984924,buy
2019-03-31,META-NFLX,0.45257821679115295,buy
2019-03-31,NFLX-DIS,0.47803691029548645,buy
2019-03-31,TSLA-GM,0.39655381441116333,buy
2019-03-31,TSLA-NVDA,0.3998740613460541,buy
2019-04-07,AAPL-MSFT,0.4505362808704376,buy
2019-04-07,AMD-NVDA,0.4322862923145294,buy
2019-04-07,GOOGL-AAPL,0.4682241678237915,buy
2019-04-07,GOOGL-META,0.46539929509162903,buy
2019-04-07,JPM-BAC,0.43170177936553955,buy
2019-04-07,KO-PEP,0.527244508266449,buy
2019-04-07,META-NFLX,0.4601087272167206,buy
2019-04-07,NFLX-DIS,0.4928145110607147,buy
2019-04-07,TSLA-GM,0.41879162192344666,buy
2019-04-07,TSLA-NVDA,0.4378221929073334,buy
2019-04-14,AAPL-MSFT,0.43778058886528015,buy
2019-04-14,AMD-NVDA,0.4213363528251648,buy
2019-04-14,GOOGL-AAPL,0.4635131061077118,buy
2019-04-14,GOOGL-META,0.46237459778785706,buy
2019-04-14,JPM-BAC,0.4181305468082428,buy
2019-04-14,KO-PEP,0.5339791178703308,buy
2019-04-14,META-NFLX,0.45686259865760803,buy
2019-04-14,NFLX-DIS,0.4872185289859772,buy
2019-04-14,TSLA-GM,0.40978047251701355,buy
2019-04-14,TSLA-NVDA,0.42775604128837585,buy
2019-04-21,AAPL-MSFT,0.42522385716438293,buy
2019-04-21,AMD-NVDA,0.40571799874305725,buy
2019-04-21,GOOGL-AAPL,0.4488823711872101,buy
2019-04-21,GOOGL-META,0.44870057702064514,buy
2019-04-21,JPM-BAC,0.40589824318885803,buy
2019-04-21,KO-PEP,0.5188941359519958,buy
2019-04-21,META-NFLX,0.4440619945526123,buy
2019-04-21,NFLX-DIS,0.47619399428367615,buy
2019-04-21,TSLA-GM,0.3958995044231415,buy
2019-04-21,TSLA-NVDA,0.41278496384620667,buy
2019-04-28,AAPL-MSFT,0.44826385378837585,buy
2019-04-28,AMD-NVDA,0.4307059347629547,buy
2019-04-28,GOOGL-AAPL,0.47140392661094666,buy
2019-04-28,GOOGL-META,0.4732907712459564,buy
2019-04-28,JPM-BAC,0.4268812835216522,buy
2019-04-28,KO-PEP,0.5406246185302734,buy
2019-04-28,META-NFLX,0.46614471077919006,buy
2019-04-28,NFLX-DIS,0.4953661859035492,buy
2019-04-28,TSLA-GM,0.4199160635471344,buy
2019-04-28,TSLA-NVDA,0.43685469031333923,buy
2019-05-05,AAPL-MSFT,0.4217783510684967,buy
2019-05-05,AMD-NVDA,0.3992686867713928,buy
2019-05-05,GOOGL-AAPL,0.4403384029865265,buy
2019-05-05,GOOGL-META,0.44832542538642883,buy
2019-05-05,JPM-BAC,0.3945624530315399,buy
2019-05-05,KO-PEP,0.5087050199508667,buy
2019-05-05,META-NFLX,0.4448430836200714,buy
2019-05-05,NFLX-DIS,0.4669841229915619,buy
2019-05-05,TSLA-GM,0.3950932025909424,buy
2019-05-05,TSLA-NVDA,0.4042818248271942,buy
2019-05-12,AAPL-MSFT,0.430587500333786,buy
2019-05-12,AMD-NVDA,0.4082562327384949,buy
2019-05-12,GOOGL-AAPL,0.4513791799545288,buy
2019-05-12,GOOGL-META,0.45427629351615906,buy
2019-05-12,JPM-BAC,0.4060995876789093,buy
2019-05-12,KO-PEP,0.5444674491882324,buy
2019-05-12,META-NFLX,0.4593721330165863,buy
2019-05-12,NFLX-DIS,0.4913666546344757,buy
2019-05-12,TSLA-GM,0.4059191048145294,buy
2019-05-12,TSLA-NVDA,0.4181177318096161,buy
2019-05-19,AAPL-MSFT,0.42020466923713684,buy
2019-05-19,AMD-NVDA,0.4013291895389557,buy
2019-05-19,GOOGL-AAPL,0.44563958048820496,buy
2019-05-19,GOOGL-META,0.45050254464149475,buy
2019-05-19,JPM-BAC,0.3951858580112457,buy
2019-05-19,KO-PEP,0.5239220857620239,buy
2019-05-19,META-NFLX,0.44683656096458435,buy
2019-05-19,NFLX-DIS,0.4762132465839386,buy
2019-05-19,TSLA-GM,0.3917260468006134,buy
2019-05-19,TSLA-NVDA,0.41277238726615906,buy
2019-05-26,AAPL-MSFT,0.43613162636756897,buy
2019-05-26,AMD-NVDA,0.41702255606651306,buy
2019-05-26,GOOGL-AAPL,0.46103090047836304,buy
2019-05-26,GOOGL-META,0.46534159779548645,buy
2019-05-26,JPM-BAC,0.4120829105377197,buy
2019-05-26,KO-PEP,0.5382271409034729,buy
2019-05-26,META-NFLX,0.45954737067222595,buy
2019-05-26,NFLX-DIS,0.4911695420742035,buy
2019-05-26,TSLA-GM,0.4042033553123474,buy
2019-05-26,TSLA-NVDA,0.42552927136421204,buy
2019-06-02,AAPL-MSFT,0.45843449234962463,buy
2019-06-02,AMD-NVDA,0.44061240553855896,buy
2019-06-02,GOOGL-AAPL,0.47822219133377075,buy
2019-06-02,GOOGL-META,0.47359195351600647,buy
2019-06-02,JPM-BAC,0.43822142481803894,buy
2019-06-02,KO-PEP,0.5491668581962585,buy
2019-06-02,META-NFLX,0.46907755732536316,buy
2019-06-02,NFLX-DIS,0.5058361291885376,buy
2019-06-02,TSLA-GM,0.4283983111381531,buy
2019-06-02,TSLA-NVDA,0.44677993655204773,buy
2019-06-09,AAPL-MSFT,0.455721378326416,buy
2019-06-09,AMD-NVDA,0.43541574478149414,buy
2019-06-09,GOOGL-AAPL,0.47412729263305664,buy
2019-06-09,GOOGL-META,0.4657524526119232,buy
2019-06-09,JPM-BAC,0.4339040219783783,buy
2019-06-09,KO-PEP,0.5514231324195862,buy
2019-06-09,META-NFLX,0.4686432182788849,buy
2019-06-09,NFLX-DIS,0.5071883201599121,buy
2019-06-09,TSLA-GM,0.425646036863327,buy
2019-06-09,TSLA-NVDA,0.44207051396369934,buy
2019-06-16,AAPL-MSFT,0.42713794112205505,buy
2019-06-16,AMD-NVDA,0.4075014889240265,buy
2019-06-16,GOOGL-AAPL,0.44703468680381775,buy
2019-06-16,GOOGL-META,0.44103145599365234,buy
2019-06-16,JPM-BAC,0.4038722515106201,buy
2019-06-16,KO-PEP,0.5312021374702454,buy
2019-06-16,META-NFLX,0.4437379837036133,buy
2019-06-16,NFLX-DIS,0.4800023138523102,buy
2019-06-16,TSLA-GM,0.4065465033054352,buy
2019-06-16,TSLA-NVDA,0.4166683554649353,buy
2019-06-23,AAPL-MSFT,0.43883201479911804,buy
2019-06-23,AMD-NVDA,0.4173983037471771,buy
2019-06-23,GOOGL-AAPL,0.4653303027153015,buy
2019-06-23,GOOGL-META,0.4646693766117096,buy
2019-06-23,JPM-BAC,0.4156184494495392,buy
2019-06-23,KO-PEP,0.5564294457435608,buy
2019-06-23,META-NFLX,0.46164241433143616,buy
2019-06-23,NFLX-DIS,0.5047069191932678,buy
2019-06-23,TSLA-GM,0.41425153613090515,buy
2019-06-23,TSLA-NVDA,0.42798885703086853,buy
2019-06-30,AAPL-MSFT,0.4428071975708008,buy
2019-06-30,AMD-NVDA,0.42274612188339233,buy
2019-06-30,GOOGL-AAPL,0.46161124110221863,buy
2019-06-30,GOOGL-META,0.4575656056404114,buy
2019-06-30,JPM-BAC,0.4161857068538666,buy
2019-06-30,KO-PEP,0.5222868323326111,buy
2019-06-30,META-NFLX,0.46275925636291504,buy
2019-06-30,NFLX-DIS,0.4907667934894562,buy
2019-06-30,TSLA-GM,0.4180138111114502,buy
2019-06-30,TSLA-NVDA,0.42446401715278625,buy
2019-07-07,AAPL-MSFT,0.4248054027557373,buy
2019-07-07,AMD-NVDA,0.40522828698158264,buy
2019-07-07,GOOGL-AAPL,0.44366952776908875,buy
2019-07-07,GOOGL-META,0.4409997761249542,buy
2019-07-07,JPM-BAC,0.4024675190448761,buy
2019-07-07,KO-PEP,0.5107520818710327,buy
2019-07-07,META-NFLX,0.4367678165435791,buy
2019-07-07,NFLX-DIS,0.4683476388454437,buy
2019-07-07,TSLA-GM,0.3974343240261078,buy
2019-07-07,TSLA-NVDA,0.41260454058647156,buy
2019-07-14,AAPL-MSFT,0.4359031021595001,buy
2019-07-14,AMD-NVDA,0.41807231307029724,buy
2019-07-14,GOOGL-AAPL,0.4609331786632538,buy
2019-07-14,GOOGL-META,0.4612676799297333,buy
2019-07-14,JPM-BAC,0.4115239977836609,buy
2019-07-14,KO-PEP,0.5495452880859375,buy
2019-07-14,META-NFLX,0.45545056462287903,buy
2019-07-14,NFLX-DIS,0.4894336462020874,buy
2019-07-14,TSLA-GM,0.4056844115257263,buy
2019-07-14,TSLA-NVDA,0.4261493384838104,buy
2019-07-21,AAPL-MSFT,0.42134830355644226,buy
2019-07-21,AMD-NVDA,0.3993028402328491,buy
2019-07-21,GOOGL-AAPL,0.44429925084114075,buy
2019-07-21,GOOGL-META,0.44537028670310974,buy
2019-07-21,JPM-BAC,0.3974088728427887,buy
2019-07-21,KO-PEP,0.5303038358688354,buy
2019-07-21,META-NFLX,0.44129183888435364,buy
2019-07-21,NFLX-DIS,0.47696542739868164,buy
2019-07-21,TSLA-GM,0.38964393734931946,buy
2019-07-21,TSLA-NVDA,0.40826183557510376,buy
2019-07-28,AAPL-MSFT,0.4429539144039154,buy
2019-07-28,AMD-NVDA,0.42396795749664307,buy
2019-07-28,GOOGL-AAPL,0.46621692180633545,buy
2019-07-28,GOOGL-META,0.46975359320640564,buy
2019-07-28,JPM-BAC,0.41600897908210754,buy
2019-07-28,KO-PEP,0.5517215728759766,buy
2019-07-28,META-NFLX,0.462650328874588,buy
2019-07-28,NFLX-DIS,0.49399533867836,buy
2019-07-28,TSLA-GM,0.4127216041088104,buy
2019-07-28,TSLA-NVDA,0.4325414001941681,buy
2019-08-04,AAPL-MSFT,0.45561423897743225,buy
2019-08-04,AMD-NVDA,0.4357047379016876,buy
2019-08-04,GOOGL-AAPL,0.47037094831466675,buy
2019-08-04,GOOGL-META,0.4650495946407318,buy
2019-08-04,JPM-BAC,0.43611234426498413,buy
2019-08-04,KO-PEP,0.5262953639030457,buy
2019-08-04,META-NFLX,0.46358275413513184,buy
2019-08-04,NFLX-DIS,0.4942031502723694,buy
2019-08-04,TSLA-GM,0.4251605272293091,buy
2019-08-04,TSLA-NVDA,0.44150298833847046,buy
2019-08-11,AAPL-MSFT,0.42940375208854675,buy
2019-08-11,AMD-NVDA,0.4050977826118469,buy
2019-08-11,GOOGL-AAPL,0.44758906960487366,buy
2019-08-11,GOOGL-META,0.4374357759952545,buy
2019-08-11,JPM-BAC,0.4028264284133911,buy
2019-08-11,KO-PEP,0.5314556360244751,buy
2019-08-11,META-NFLX,0.44334474205970764,buy
2019-08-11,NFLX-DIS,0.4787923991680145,buy
2019-08-11,TSLA-GM,0.40092435479164124,buy
2019-08-11,TSLA-NVDA,0.41240957379341125,buy
2019-08-18,AAPL-MSFT,0.42395713925361633,buy
2019-08-18,AMD-NVDA,0.39824381470680237,buy
2019-08-18,GOOGL-AAPL,0.4418410360813141,buy
2019-08-18,GOOGL-META,0.4364382326602936,buy
2019-08-18,JPM-BAC,0.39812639355659485,buy
2019-08-18,KO-PEP,0.5097967386245728,buy
2019-08-18,META-NFLX,0.43935656547546387,buy
2019-08-18,NFLX-DIS,0.47184818983078003,buy
2019-08-18,TSLA-GM,0.39307260513305664,buy
2019-08-18,TSLA-NVDA,0.4097674787044525,buy
2019-08-25,AAPL-MSFT,0.436543732881546,buy
2019-08-25,AMD-NVDA,0.4162171185016632,buy
2019-08-25,GOOGL-AAPL,0.4538152515888214,buy
2019-08-25,GOOGL-META,0.4456922113895416,buy
2019-08-25,JPM-BAC,0.41043055057525635,buy
2019-08-25,KO-PEP,0.5057588815689087,buy
2019-08-25,META-NFLX,0.443052738904953,buy
2019-08-25,NFLX-DIS,0.47396960854530334,buy
2019-08-25,TSLA-GM,0.4052461087703705,buy
2019-08-25,TSLA-NVDA,0.4215787947177887,buy
2019-09-01,AAPL-MSFT,0.4398305416107178,buy
2019-09-01,AMD-NVDA,0.4168446362018585,buy
2019-09-01,GOOGL-AAPL,0.4601610600948334,buy
2019-09-01,GOOGL-META,0.44425666332244873,buy
2019-09-01,JPM-BAC,0.421199232339859,buy
2019-09-01,KO-PEP,0.5005326867103577,buy
2019-09-01,META-NFLX,0.44031843543052673,buy
2019-09-01,NFLX-DIS,0.4795675575733185,buy
2019-09-01,TSLA-GM,0.40608832240104675,buy
2019-09-01,TSLA-NVDA,0.41652658581733704,buy
2019-09-08,AAPL-MSFT,0.4414125382900238,buy
2019-09-08,AMD-NVDA,0.4166167974472046,buy
2019-09-08,GOOGL-AAPL,0.46107661724090576,buy
2019-09-08,GOOGL-META,0.44902750849723816,buy
2019-09-08,JPM-BAC,0.425321489572525,buy
2019-09-08,KO-PEP,0.5139937400817871,buy
2019-09-08,META-NFLX,0.44855985045433044,buy
2019-09-08,NFLX-DIS,0.48882144689559937,buy
2019-09-08,TSLA-GM,0.41008225083351135,buy
2019-09-08,TSLA-NVDA,0.42053210735321045,buy
2019-09-15,AAPL-MSFT,0.4309218227863312,buy
2019-09-15,AMD-NVDA,0.41449305415153503,buy
2019-09-15,GOOGL-AAPL,0.4572296440601349,buy
2019-09-15,GOOGL-META,0.4494868814945221,buy
2019-09-15,JPM-BAC,0.4101843237876892,buy
2019-09-15,KO-PEP,0.5168495178222656,buy
2019-09-15,META-NFLX,0.4448942244052887,buy
2019-09-15,NFLX-DIS,0.4842643141746521,buy
2019-09-15,TSLA-GM,0.3983362317085266,buy
2019-09-15,TSLA-NVDA,0.4200669527053833,buy
2019-09-22,AAPL-MSFT,0.42968592047691345,buy
2019-09-22,AMD-NVDA,0.4063907861709595,buy
2019-09-22,GOOGL-AAPL,0.45571598410606384,buy
2019-09-22,GOOGL-META,0.4477761387825012,buy
2019-09-22,JPM-BAC,0.40961262583732605,buy
2019-09-22,KO-PEP,0.5201327800750732,buy
2019-09-22,META-NFLX,0.4483116865158081,buy
2019-09-22,NFLX-DIS,0.4864993989467621,buy
2019-09-22,TSLA-GM,0.3982965350151062,buy
2019-09-22,TSLA-NVDA,0.4118941128253937,buy
2019-09-29,AAPL-MSFT,0.4302845299243927,buy
2019-09-29,AMD-NVDA,0.4086345434188843,buy
2019-09-29,GOOGL-AAPL,0.456084281206131,buy
2019-09-29,GOOGL-META,0.4517020881175995,buy
2019-09-29,JPM-BAC,0.40967434644699097,buy
2019-09-29,KO-PEP,0.5265406966209412,buy
2019-09-29,META-NFLX,0.45081013441085815,buy
2019-09-29,NFLX-DIS,0.4910527765750885,buy
2019-09-29,TSLA-GM,0.3986516296863556,buy
2019-09-29,TSLA-NVDA,0.414203017950058,buy
2019-10-06,AAPL-MSFT,0.44919300079345703,buy
2019-10-06,AMD-NVDA,0.4258427917957306,buy
2019-10-06,GOOGL-AAPL,0.4733421504497528,buy
2019-10-06,GOOGL-META,0.4687609374523163,buy
2019-10-06,JPM-BAC,0.42357441782951355,buy
2019-10-06,KO-PEP,0.5526929497718811,buy
2019-10-06,META-NFLX,0.478109747171402,buy
2019-10-06,NFLX-DIS,0.5130478143692017,buy
2019-10-06,TSLA-GM,0.42649081349372864,buy
2019-10-06,TSLA-NVDA,0.43722859025001526,buy
2019-10-13,AAPL-MSFT,0.44194743037223816,buy
2019-10-13,AMD-NVDA,0.4127846658229828,buy
2019-10-13,GOOGL-AAPL,0.471573144197464,buy
2019-10-13,GOOGL-META,0.46966198086738586,buy
2019-10-13,JPM-BAC,0.4136035144329071,buy
2019-10-13,KO-PEP,0.593033492565155,buy
2019-10-13,META-NFLX,0.46992605924606323,buy
2019-10-13,NFLX-DIS,0.5197761058807373,buy
2019-10-13,TSLA-GM,0.4087170660495758,buy
2019-10-13,TSLA-NVDA,0.42428407073020935,buy
2019-10-20,AAPL-MSFT,0.44402244687080383,buy
2019-10-20,AMD-NVDA,0.41229957342147827,buy
2019-10-20,GOOGL-AAPL,0.46942219138145447,buy
2019-10-20,GOOGL-META,0.469403475522995,buy
2019-10-20,JPM-BAC,0.41355982422828674,buy
2019-10-20,KO-PEP,0.5403474569320679,buy
2019-10-20,META-NFLX,0.46619847416877747,buy
2019-10-20,NFLX-DIS,0.5045922994613647,buy
2019-10-20,TSLA-GM,0.4097590148448944,buy
2019-10-20,TSLA-NVDA,0.4199133515357971,buy
2019-10-27,AAPL-MSFT,0.4527057707309723,buy
2019-10-27,AMD-NVDA,0.4241360127925873,buy
2019-10-27,GOOGL-AAPL,0.4819783866405487,buy
2019-10-27,GOOGL-META,0.4810594320297241,buy
2019-10-27,JPM-BAC,0.419291228055954,buy
2019-10-27,KO-PEP,0.5857760310173035,buy
2019-10-27,META-NFLX,0.4798867106437683,buy
2019-10-27,NFLX-DIS,0.5298115611076355,buy
2019-10-27,TSLA-GM,0.41719168424606323,buy
2019-10-27,TSLA-NVDA,0.4347067177295685,buy
2019-11-03,AAPL-MSFT,0.421865314245224,buy
2019-11-03,AMD-NVDA,0.39781415462493896,buy
2019-11-03,GOOGL-AAPL,0.4455689489841461,buy
2019-11-03,GOOGL-META,0.43912625312805176,buy
2019-11-03,JPM-BAC,0.39634886384010315,buy
2019-11-03,KO-PEP,0.5284708738327026,buy
2019-11-03,META-NFLX,0.4444664716720581,buy
2019-11-03,NFLX-DIS,0.4859425127506256,buy
2019-11-03,TSLA-GM,0.39250364899635315,buy
2019-11-03,TSLA-NVDA,0.4056950807571411,buy
2019-11-10,AAPL-MSFT,0.44016051292419434,buy
2019-11-10,AMD-NVDA,0.4157254993915558,buy
2019-11-10,GOOGL-AAPL,0.4690164029598236,buy
2019-11-10,GOOGL-META,0.46656301617622375,buy
2019-11-10,JPM-BAC,0.40836551785469055,buy
2019-11-10,KO-PEP,0.5995741486549377,buy
2019-11-10,META-NFLX,0.4703962504863739,buy
2019-11-10,NFLX-DIS,0.5170655846595764,buy
2019-11-10,TSLA-GM,0.4151824414730072,buy
2019-11-10,TSLA-NVDA,0.4251740276813507,buy
2019-11-17,AAPL-MSFT,0.435409277677536,buy
2019-11-17,AMD-NVDA,0.40342336893081665,buy
2019-11-17,GOOGL-AAPL,0.4662254750728607,buy
2019-11-17,GOOGL-META,0.46378710865974426,buy
2019-11-17,JPM-BAC,0.4104907810688019,buy
2019-11-17,KO-PEP,0.629370391368866,buy
2019-11-17,META-NFLX,0.4698438048362732,buy
2019-11-17,NFLX-DIS,0.5332159996032715,buy
2019-11-17,TSLA-GM,0.40360188484191895,buy
2019-11-17,TSLA-NVDA,0.42093953490257263,buy
2019-11-24,AAPL-MSFT,0.42162856459617615,buy
2019-11-24,AMD-NVDA,0.39379259943962097,buy
2019-11-24,GOOGL-AAPL,0.45071446895599365,buy
2019-11-24,GOOGL-META,0.44678938388824463,buy
2019-11-24,JPM-BAC,0.3925478160381317,buy
2019-11-24,KO-PEP,0.5505319237709045,buy
2019-11-24,META-NFLX,0.4485532343387604,buy
2019-11-24,NFLX-DIS,0.49363774061203003,buy
2019-11-24,TSLA-GM,0.3915882706642151,buy
2019-11-24,TSLA-NVDA,0.4043574929237366,buy
2019-12-01,AAPL-MSFT,0.43150633573532104,buy
2019-12-01,AMD-NVDA,0.4116635024547577,buy
2019-12-01,GOOGL-AAPL,0.45309320092201233,buy
2019-12-01,GOOGL-META,0.4413894712924957,buy
2019-12-01,JPM-BAC,0.4099443852901459,buy
2019-12-01,KO-PEP,0.5120298862457275,buy
2019-12-01,META-NFLX,0.4418701231479645,buy
2019-12-01,NFLX-DIS,0.4816255271434784,buy
2019-12-01,TSLA-GM,0.3990538716316223,buy
2019-12-01,TSLA-NVDA,0.4130447804927826,buy
2019-12-08,AAPL-MSFT,0.44539716839790344,buy
2019-12-08,AMD-NVDA,0.42205384373664856,buy
2019-12-08,GOOGL-AAPL,0.46875566244125366,buy
2019-12-08,GOOGL-META,0.4581802487373352,buy
2019-12-08,JPM-BAC,0.42435911297798157,buy
2019-12-08,KO-PEP,0.5390371084213257,buy
2019-12-08,META-NFLX,0.46005019545555115,buy
2019-12-08,NFLX-DIS,0.5029710531234741,buy
2019-12-08,TSLA-GM,0.4104348123073578,buy
2019-12-08,TSLA-NVDA,0.42771586775779724,buy
2019-12-15,AAPL-MSFT,0.4340150058269501,buy
2019-12-15,AMD-NVDA,0.4093644320964813,buy
2019-12-15,GOOGL-AAPL,0.45951783657073975,buy
2019-12-15,GOOGL-META,0.4536643922328949,buy
2019-12-15,JPM-BAC,0.40716877579689026,buy
2019-12-15,KO-PEP,0.5419374108314514,buy
2019-12-15,META-NFLX,0.4527382552623749,buy
2019-12-15,NFLX-DIS,0.49820953607559204,buy
2019-12-15,TSLA-GM,0.3979015052318573,buy
2019-12-15,TSLA-NVDA,0.4184575080871582,buy
2019-12-22,AAPL-MSFT,0.43142062425613403,buy
2019-12-22,AMD-NVDA,0.4014919698238373,buy
2019-12-22,GOOGL-AAPL,0.4590308368206024,buy
2019-12-22,GOOGL-META,0.45366406440734863,buy
2019-12-22,JPM-BAC,0.4068162739276886,buy
2019-12-22,KO-PEP,0.5442559123039246,buy
2019-12-22,META-NFLX,0.45445385575294495,buy
2019-12-22,NFLX-DIS,0.4984677731990814,buy
2019-12-22,TSLA-GM,0.39866042137145996,buy
2019-12-22,TSLA-NVDA,0.41001638770103455,buy
2019-12-29,AAPL-MSFT,0.42725324630737305,buy
2019-12-29,AMD-NVDA,0.40246129035949707,buy
2019-12-29,GOOGL-AAPL,0.4547217786312103,buy
2019-12-29,GOOGL-META,0.4552405774593353,buy
2019-12-29,JPM-BAC,0.4054228365421295,buy
2019-12-29,KO-PEP,0.5525816679000854,buy
2019-12-29,META-NFLX,0.45777907967567444,buy
2019-12-29,NFLX-DIS,0.5030492544174194,buy
2019-12-29,TSLA-GM,0.39711955189704895,buy
2019-12-29,TSLA-NVDA,0.41088566184043884,buy
